ProductID,WarehouseID,AisleNb,ShelfNb
1,312,12,4
2,45,3,2
3,489,18,5
4,120,7,1
5,284,15,6
6,55,2,3
7,390,22,4
8,11,1,2
9,402,8,7
10,250,11,3
11,376,19,5
12,88,4,1
13,433,14,6
14,198,6,2
15,310,25,8
16,67,3,4
17,455,16,5
18,143,9,2
19,275,13,7
20,38,2,1
21,411,20,6
22,99,5,3
23,344,17,4
24,201,8,2
25,488,24,5
26,42,1,1
27,367,12,6
28,155,7,3
29,290,14,2
30,76,4,5
31,400,19,7
32,188,9,4
33,322,21,6
34,101,6,2
35,466,15,5
36,25,2,1
37,388,18,8
38,133,5,3
39,266,11,4
40,54,3,2
41,410,23,6
42,87,4,1
43,355,16,7
44,212,8,5
45,477,20,4
46,14,1,2
47,333,13,6
48,166,7,3
49,288,17,5
50,95,5,1
51,444,22,8
52,118,6,4
53,311,14,2
54,49,2,3
55,405,19,6
56,177,9,5
57,366,15,4
58,74,4,1
59,422,21,7
60,199,8,2
61,345,18,5
62,33,1,3
63,387,12,6
64,152,7,4
65,270,16,2
66,85,5,1
67,450,24,8
68,109,3,5
69,321,11,3
70,52,2,4
71,408,20,7
72,185,9,2
73,360,17,6
74,66,4,1
75,418,23,5
76,142,6,3
77,350,15,4
78,91,5,2
79,480,22,6
80,22,1,1
81,377,14,8
82,165,8,4
83,299,19,5
84,79,3,2
85,420,21,7
86,111,6,3
87,340,13,6
88,48,2,1
89,399,18,4
90,195,9,5
91,315,16,2
92,62,4,3
93,460,25,8
94,138,7,4
95,280,12,6
96,89,5,1
97,430,20,5
98,15,1,2
99,358,15,7
100,158,8,3
101,277,17,4
102,59,3,1
103,415,22,6
104,182,9,2
105,330,14,5
106,71,4,3
107,470,19,8
108,125,6,4
109,365,21,7
110,41,2,1
111,380,16,6
112,148,7,2
113,295,11,5
114,82,5,3
115,440,24,6
116,105,3,1
117,325,18,4
118,50,1,2
119,395,20,7
120,175,8,5
121,348,13,3
122,68,4,1
123,455,23,8
124,115,6,4
125,310,15,6
126,96,5,2
127,425,22,5
128,18,2,3
129,360,17,7
130,160,9,4
131,285,12,2
132,65,3,1
133,485,19,6
134,135,7,5
135,340,14,3
136,44,1,2
137,390,21,8
138,188,8,4
139,315,16,5
140,84,4,1
141,450,24,7
142,108,6,3
143,368,20,6
144,57,2,2
145,410,15,5
146,145,9,1
147,290,23,8
148,77,5,4
149,435,18,6
150,12,1,3
151,375,13,5
152,170,7,2
153,320,22,7
154,92,4,1
155,475,17,6
156,128,8,3
157,355,25,8
158,61,3,2
159,405,19,5
160,192,9,4
161,335,14,7
162,39,2,1
163,445,21,6
164,156,6,3
165,280,16,5
166,86,5,2
167,495,24,8
168,112,3,1
169,385,18,6
170,21,1,4
171,418,20,5
172,174,7,2
173,342,15,7
174,69,4,3
175,465,23,8
176,131,8,1
177,362,12,6
178,98,5,4
179,428,22,5
180,45,2,2
181,318,17,7
182,185,9,3
183,392,14,6
184,73,3,1
185,482,21,8
186,104,6,5
187,352,19,4
188,28,1,2
189,408,16,7
190,150,7,3
191,298,24,6
192,81,4,1
193,438,20,5
194,124,8,2
195,372,13,8
196,55,2,4
197,458,25,6
198,196,9,1
199,328,15,5
200,90,5,3
201,412,22,7
202,168,6,2
203,382,18,6
204,40,1,1
205,472,21,8
206,141,7,4
207,308,16,5
208,76,3,2
209,425,23,7
210,115,8,3
211,365,14,6
212,63,4,1
213,448,19,5
214,188,9,2
215,338,24,8
216,88,5,4
217,402,17,6
218,25,2,1
219,395,20,7
220,154,6,3
221,312,15,5
222,95,4,2
223,485,22,8
224,122,7,1
225,355,18,6
226,50,1,3
227,432,25,7
228,176,9,4
229,325,13,6
230,78,3,2
231,468,21,5
232,106,8,1
233,380,16,8
234,36,2,4
235,415,24,7
236,145,6,3
237,295,19,6
238,82,5,1
239,452,20,5
240,19,1,2
241,348,14,8
242,162,7,4
243,398,23,6
244,91,4,3
245,422,17,5
246,134,9,1
247,375,22,7
248,58,2,2
249,478,18,6
250,111,8,4
251,332,15,8
252,85,5,3
253,408,21,5
254,42,1,1
255,368,24,7
256,181,6,2
257,315,19,6
258,66,3,4
259,442,16,5
260,155,7,1
261,385,25,8
262,98,4,2
263,492,20,7
264,127,9,3
265,342,13,6
266,29,1,5
267,428,22,8
268,172,8,2
269,305,18,4
270,74,5,1
271,462,23,7
272,101,6,3
273,358,15,6
274,47,2,2
275,412,19,5
276,144,7,4
277,288,24,8
278,81,4,1
279,435,17,6
280,195,9,3
281,372,21,7
282,62,3,2
283,475,14,5
284,118,8,1
285,322,20,8
286,32,1,4
287,392,16,6
288,165,6,3
289,310,25,5
290,92,5,2
291,455,22,7
292,137,7,1
293,365,18,8
294,52,2,3
295,402,23,6
296,188,9,4
297,345,15,5
298,87,4,2
299,485,20,7
300,109,8,1
301,335,14,6
302,24,1,3
303,425,24,8
304,152,6,5
305,295,19,7
306,71,3,2
307,465,17,6
308,121,7,1
309,380,21,5
310,48,2,4
311,418,16,8
312,175,9,2
313,352,22,6
314,84,5,3
315,448,18,7
316,105,8,1
317,312,25,5
318,37,1,2
319,398,20,8
320,148,6,4
321,328,13,6
322,65,4,1
323,432,23,7
324,191,7,3
325,375,15,5
326,94,3,2
327,472,24,8
328,124,9,1
329,340,19,6
330,55,2,5
331,405,17,7
332,168,8,3
333,285,21,5
334,80,5,1
335,458,16,8
336,15,1,2
337,362,22,6
338,111,7,4
339,320,14,5
340,68,4,3
341,495,20,7
342,142,6,1
343,385,25,8
344,45,2,2
345,415,18,6
346,185,9,5
347,355,13,7
348,97,5,1
349,442,23,6
350,131,8,4
351,305,15,8
352,22,1,3
353,425,19,5
354,171,7,2
355,338,24,7
356,74,3,1
357,482,17,6
358,115,6,5
359,370,21,8
360,59,2,4
361,400,16,7
362,158,9,2
363,292,14,5
364,88,4,1
365,468,22,6
366,102,8,3
367,315,20,5
368,34,1,2
369,392,25,8
370,145,7,4
371,348,18,6
372,61,3,1
373,435,15,7
374,188,6,3
375,325,23,5
376,91,5,2
377,452,19,8
378,126,9,1
379,380,13,6
380,47,2,5
381,410,24,7
382,176,8,4
383,280,17,5
384,77,4,1
385,475,21,6
386,108,6,2
387,358,16,8
388,18,1,3
389,445,22,5
390,161,7,4
391,330,14,7
392,85,3,2
393,490,20,6
394,134,9,1
395,365,15,8
396,64,2,3
397,422,25,5
398,119,8,2
399,308,18,6
400,95,5,4
401,402,23,7
402,154,6,1
403,342,19,5
404,26,1,2
405,458,13,8
406,182,7,3
407,320,24,6
408,71,4,1
409,438,17,5
410,105,9,4
411,385,21,7
412,42,2,2
413,470,16,6
414,148,8,5
415,295,22,8
416,82,3,1
417,415,15,6
418,170,6,3
419,350,20,7
420,55,1,4
421,485,18,5
422,125,7,2
423,312,23,8
424,98,5,1
425,448,14,6
426,192,9,3
427,335,25,5
428,68,4,2
429,405,19,7
430,111,8,1
431,372,22,6
432,31,2,5
433,462,17,8
434,165,6,4
435,285,13,7
436,86,3,1
437,428,24,5
438,138,7,2
439,395,16,6
440,58,1,3
441,452,21,8
442,185,9,4
443,322,15,5
444,74,5,1
445,492,20,7
446,115,8,2
447,348,18,6
448,45,2,5
449,418,23,8
450,152,6,3
451,300,14,7
452,91,4,1
453,475,25,5
454,124,7,4
455,365,19,6
456,22,1,2
457,432,22,8
458,178,9,3
459,330,13,5
460,65,3,1
461,408,24,7
462,108,8,5
463,380,17,6
464,52,2,2
465,465,21,8
466,145,6,4
467,290,15,5
468,81,5,1
469,422,20,7
470,195,9,2
471,315,16,6
472,36,1,3
473,442,18,8
474,161,7,5
475,355,23,6
476,77,4,1
477,485,14,5
478,118,8,2
479,342,25,7
480,48,2,4
481,400,22,6
482,131,6,3
483,280,19,8
484,94,3,1
485,455,17,5
486,172,9,4
487,368,13,7
488,61,1,2
489,435,24,6
490,155,7,5
491,325,20,8
492,85,5,3
493,478,15,6
494,105,8,1
495,392,21,7
496,28,2,2
497,415,18,5
498,188,6,4
499,305,25,8
500,72,4,1
501,490,14,6
502,122,9,5
503,350,16,7
504,55,1,3
505,445,23,5
506,148,7,2
507,332,19,8
508,88,3,4
509,425,22,6
510,165,8,1
511,285,13,5
512,41,2,3
513,468,17,7
514,111,6,2
515,385,24,6
516,78,5,1
517,402,20,8
518,198,9,4
519,315,15,5
520,64,1,2
521,438,21,7
522,134,7,5
523,360,18,6
524,91,4,3
525,482,25,8
526,175,8,1
527,345,14,5
528,45,2,4
529,412,23,6
530,158,6,2
531,295,16,7
532,82,3,1
533,455,22,8
534,124,9,5
535,320,19,6
536,58,1,3
537,405,13,5
538,185,7,4
539,375,24,8
540,101,5,2
541,440,20,6
542,68,2,1
543,308,17,5
544,145,8,3
545,495,21,7
546,115,6,4
547,358,15,8
548,22,1,2
549,428,25,6
550,161,9,1
551,340,14,5
552,74,4,3
553,472,18,8
554,131,7,2
555,388,22,6
556,48,2,5
557,415,16,7
558,192,8,1
559,280,23,5
560,86,3,4
561,460,19,8
562,128,6,2
563,335,13,6
564,52,1,1
565,400,24,7
566,178,9,5
567,312,20,5
568,94,5,3
569,485,15,8
570,142,7,1
571,365,21,6
572,36,2,2
573,448,17,5
574,108,8,4
575,290,25,7
576,61,4,1
577,435,14,6
578,188,6,5
579,352,22,8
580,77,1,3
581,422,18,5
582,155,9,2
583,380,23,7
584,42,3,1
585,475,16,6
586,118,7,4
587,305,19,8
588,81,2,5
589,410,24,5
590,172,8,2
591,338,15,6
592,65,5,1
593,465,20,8
594,134,6,3
595,395,25,7
596,25,1,4
597,452,13,6
598,196,9,1
599,322,21,5
600,98,4,2
601,488,17,8
602,148,7,5
603,348,22,6
604,50,2,1
605,405,18,7
606,111,8,3
607,295,14,5
608,71,3,2
609,442,23,8
610,165,6,1
611,368,19,6
612,18,1,5
613,425,24,7
614,124,9,2
615,385,16,5
616,84,4,4
617,492,20,8
618,181,7,1
619,315,15,6
620,45,2,3
621,460,21,5
622,138,8,2
623,355,25,7
624,68,5,1
625,418,13,8
626,192,6,4
627,330,18,6
628,91,1,2
629,478,22,5
630,152,9,3
631,285,17,7
632,58,4,1
633,408,23,8
634,115,7,5
635,392,14,6
636,29,2,2
637,448,19,5
638,175,8,4
639,308,24,7
640,86,3,1
641,432,16,8
642,141,6,5
643,365,20,6
644,62,1,3
645,485,25,5
646,128,9,2
647,342,15,7
648,74,5,1
649,415,21,8
650,162,7,4